11,4,SN0000004,AT000004,Active,NULL,Expired Warranty,Active asset with warranty expired on 2025-03-16,2025-11-26,2025-11-26 09:30:32.823
12,6,SN0000006,AT000006,Active,NULL,Expired Warranty,Active asset with warranty expired on 2024-03-24,2025-11-26,2025-11-26 09:30:32.823
13,7,SN0000007,AT000007,Active,NULL,Expired Warranty,Active asset with warranty expired on 2025-10-03,2025-11-26,2025-11-26 09:30:32.823
14,9,SN0000009,AT000009,Active,NULL,Expired Warranty,Active asset with warranty expired on 2025-11-22,2025-11-26,2025-11-26 09:30:32.823
15,12,SN0000012,AT000012,Active,NULL,Expired Warranty,Active asset with warranty expired on 2025-04-30,2025-11-26,2025-11-26 09:30:32.823
16,15,SN0000015,AT000015,Active,NULL,Expired Warranty,Active asset with warranty expired on 2024-03-23,2025-11-26,2025-11-26 09:30:32.823
17,22,SN0000022,AT000022,Active,NULL,Expired Warranty,Active asset with warranty expired on 2025-07-06,2025-11-26,2025-11-26 09:30:32.823
18,26,SN0000026,AT000026,Active,NULL,Expired Warranty,Active asset with warranty expired on 2024-06-25,2025-11-26,2025-11-26 09:30:32.823
19,27,SN0000027,AT000027,Active,NULL,Expired Warranty,Active asset with warranty expired on 2025-01-13,2025-11-26,2025-11-26 09:30:32.823
20,30,SN0000030,AT000030,Active,NULL,Expired Warranty,Active asset with warranty expired on 2025-08-20,2025-11-26,2025-11-26 09:30:32.823
21,42,SN0000042,AT000042,Active,NULL,Expired Warranty,Active asset with warranty expired on 2025-07-20,2025-11-26,2025-11-26 09:30:32.823
22,45,SN0000045,AT000045,Active,NULL,Expired Warranty,Active asset with warranty expired on 2025-05-11,2025-11-26,2025-11-26 09:30:32.823
23,49,SN0000049,AT000049,Active,NULL,Expired Warranty,Active asset with warranty expired on 2025-11-08,2025-11-26,2025-11-26 09:30:32.823
24,51,SN0000051,AT000051,Active,NULL,Expired Warranty,Active asset with warranty expired on 2025-06-10,2025-11-26,2025-11-26 09:30:32.823
25,52,SN0000052,AT000052,Active,NULL,Expired Warranty,Active asset with warranty expired on 2024-08-07,2025-11-26,2025-11-26 09:30:32.823
26,55,SN0000055,AT000055,Active,NULL,Expired Warranty,Active asset with warranty expired on 2024-10-26,2025-11-26,2025-11-26 09:30:32.823
27,62,SN0000062,AT000062,Active,NULL,Expired Warranty,Active asset with warranty expired on 2025-06-03,2025-11-26,2025-11-26 09:30:32.823
28,63,SN0000063,AT000063,Active,NULL,Expired Warranty,Active asset with warranty expired on 2024-05-28,2025-11-26,2025-11-26 09:30:32.823
29,65,SN0000065,AT000065,Active,NULL,Expired Warranty,Active asset with warranty expired on 2024-04-09,2025-11-26,2025-11-26 09:30:32.823
30,66,SN0000066,AT000066,Active,NULL,Expired Warranty,Active asset with warranty expired on 2024-11-22,2025-11-26,2025-11-26 09:30:32.823
31,67,SN0000067,AT000067,Active,NULL,Expired Warranty,Active asset with warranty expired on 2024-04-02,2025-11-26,2025-11-26 09:30:32.823
32,73,SN0000073,AT000073,Active,NULL,Expired Warranty,Active asset with warranty expired on 2024-03-10,2025-11-26,2025-11-26 09:30:32.823
33,75,SN0000075,AT000075,Active,NULL,Expired Warranty,Active asset with warranty expired on 2024-11-16,2025-11-26,2025-11-26 09:30:32.823
34,85,SN0000085,AT000085,Active,NULL,Expired Warranty,Active asset with warranty expired on 2025-06-26,2025-11-26,2025-11-26 09:30:32.823
35,86,SN0000086,AT000086,Active,NULL,Expired Warranty,Active asset with warranty expired on 2024-10-03,2025-11-26,2025-11-26 09:30:32.823
36,89,SN0000089,AT000089,Active,NULL,Expired Warranty,Active asset with warranty expired on 2024-04-11,2025-11-26,2025-11-26 09:30:32.823
37,95,SN0000095,AT000095,Active,NULL,Expired Warranty,Active asset with warranty expired on 2024-09-03,2025-11-26,2025-11-26 09:30:32.823
38,98,SN0000098,AT000098,Active,NULL,Expired Warranty,Active asset with warranty expired on 2023-12-20,2025-11-26,2025-11-26 09:30:32.823
39,103,SN0000103,AT000103,Active,NULL,Expired Warranty,Active asset with warranty expired on 2025-11-13,2025-11-26,2025-11-26 09:30:32.823
40,107,SN0000107,AT000107,Active,NULL,Expired Warranty,Active asset with warranty expired on 2024-09-25,2025-11-26,2025-11-26 09:30:32.823
41,109,SN0000109,AT000109,Active,NULL,Expired Warranty,Active asset with warranty expired on 2024-11-20,2025-11-26,2025-11-26 09:30:32.823
42,112,SN0000112,AT000112,Active,NULL,Expired Warranty,Active asset with warranty expired on 2023-12-24,2025-11-26,2025-11-26 09:30:32.823
43,113,SN0000113,AT000113,Active,NULL,Expired Warranty,Active asset with warranty expired on 2024-07-14,2025-11-26,2025-11-26 09:30:32.823
44,115,SN0000115,AT000115,Active,NULL,Expired Warranty,Active asset with warranty expired on 2024-11-22,2025-11-26,2025-11-26 09:30:32.823
45,117,SN0000117,AT000117,Active,NULL,Expired Warranty,Active asset with warranty expired on 2024-12-08,2025-11-26,2025-11-26 09:30:32.823
46,119,SN0000119,AT000119,Active,NULL,Expired Warranty,Active asset with warranty expired on 2025-09-24,2025-11-26,2025-11-26 09:30:32.823
47,122,SN0000122,AT000122,Active,NULL,Expired Warranty,Active asset with warranty expired on 2024-01-03,2025-11-26,2025-11-26 09:30:32.823
48,126,SN0000126,AT000126,Active,NULL,Expired Warranty,Active asset with warranty expired on 2024-03-28,2025-11-26,2025-11-26 09:30:32.823
49,129,SN0000129,AT000129,Active,NULL,Expired Warranty,Active asset with warranty expired on 2024-08-22,2025-11-26,2025-11-26 09:30:32.823
50,130,SN0000130,AT000130,Active,NULL,Expired Warranty,Active asset with warranty expired on 2025-09-03,2025-11-26,2025-11-26 09:30:32.823
51,131,SN0000131,AT000131,Active,NULL,Expired Warranty,Active asset with warranty expired on 2024-09-18,2025-11-26,2025-11-26 09:30:32.823
52,132,SN0000132,AT000132,Active,NULL,Expired Warranty,Active asset with warranty expired on 2025-10-30,2025-11-26,2025-11-26 09:30:32.823
53,136,SN0000136,AT000136,Active,NULL,Expired Warranty,Active asset with warranty expired on 2025-09-06,2025-11-26,2025-11-26 09:30:32.823
54,137,SN0000137,AT000137,Active,NULL,Expired Warranty,Active asset with warranty expired on 2025-07-29,2025-11-26,2025-11-26 09:30:32.823
55,138,SN0000138,AT000138,Active,NULL,Expired Warranty,Active asset with warranty expired on 2025-05-07,2025-11-26,2025-11-26 09:30:32.823
56,142,SN0000142,AT000142,Active,NULL,Expired Warranty,Active asset with warranty expired on 2025-08-01,2025-11-26,2025-11-26 09:30:32.823
57,144,SN0000144,AT000144,Active,NULL,Expired Warranty,Active asset with warranty expired on 2024-02-07,2025-11-26,2025-11-26 09:30:32.823
58,145,SN0000145,AT000145,Active,NULL,Expired Warranty,Active asset with warranty expired on 2025-10-04,2025-11-26,2025-11-26 09:30:32.823
59,146,SN0000146,AT000146,Active,NULL,Expired Warranty,Active asset with warranty expired on 2025-08-21,2025-11-26,2025-11-26 09:30:32.823
60,147,SN0000147,AT000147,Active,NULL,Expired Warranty,Active asset with warranty expired on 2025-06-16,2025-11-26,2025-11-26 09:30:32.823
61,149,SN0000149,AT000149,Active,NULL,Expired Warranty,Active asset with warranty expired on 2024-06-04,2025-11-26,2025-11-26 09:30:32.823
62,152,SN0000152,AT000152,Active,NULL,Expired Warranty,Active asset with warranty expired on 2025-08-18,2025-11-26,2025-11-26 09:30:32.823
63,153,SN0000153,AT000153,Active,NULL,Expired Warranty,Active asset with warranty expired on 2024-01-29,2025-11-26,2025-11-26 09:30:32.823
64,154,SN0000154,AT000154,Active,NULL,Expired Warranty,Active asset with warranty expired on 2024-12-27,2025-11-26,2025-11-26 09:30:32.823
65,158,SN0000158,AT000158,Active,NULL,Expired Warranty,Active asset with warranty expired on 2025-06-21,2025-11-26,2025-11-26 09:30:32.823
66,163,SN0000163,AT000163,Active,NULL,Expired Warranty,Active asset with warranty expired on 2025-02-22,2025-11-26,2025-11-26 09:30:32.823
67,164,SN0000164,AT000164,Active,NULL,Expired Warranty,Active asset with warranty expired on 2024-02-09,2025-11-26,2025-11-26 09:30:32.823
68,165,SN0000165,AT000165,Active,NULL,Expired Warranty,Active asset with warranty expired on 2024-12-30,2025-11-26,2025-11-26 09:30:32.823
69,168,SN0000168,AT000168,Active,NULL,Expired Warranty,Active asset with warranty expired on 2024-01-23,2025-11-26,2025-11-26 09:30:32.823
70,169,SN0000169,AT000169,Active,NULL,Expired Warranty,Active asset with warranty expired on 2024-10-18,2025-11-26,2025-11-26 09:30:32.823
71,170,SN0000170,AT000170,Active,NULL,Expired Warranty,Active asset with warranty expired on 2024-09-27,2025-11-26,2025-11-26 09:30:32.823
72,171,SN0000171,AT000171,Active,NULL,Expired Warranty,Active asset with warranty expired on 2024-08-11,2025-11-26,2025-11-26 09:30:32.823
73,173,SN0000173,AT000173,Active,NULL,Expired Warranty,Active asset with warranty expired on 2024-10-31,2025-11-26,2025-11-26 09:30:32.823
74,174,SN0000174,AT000174,Active,NULL,Expired Warranty,Active asset with warranty expired on 2025-07-02,2025-11-26,2025-11-26 09:30:32.823
75,176,SN0000176,AT000176,Active,NULL,Expired Warranty,Active asset with warranty expired on 2025-03-07,2025-11-26,2025-11-26 09:30:32.823
76,178,SN0000178,AT000178,Active,NULL,Expired Warranty,Active asset with warranty expired on 2025-05-27,2025-11-26,2025-11-26 09:30:32.823
77,179,SN0000179,AT000179,Active,NULL,Expired Warranty,Active asset with warranty expired on 2024-10-27,2025-11-26,2025-11-26 09:30:32.823
78,182,SN0000182,AT000182,Active,NULL,Expired Warranty,Active asset with warranty expired on 2024-01-03,2025-11-26,2025-11-26 09:30:32.823
79,184,SN0000184,AT000184,Active,NULL,Expired Warranty,Active asset with warranty expired on 2024-01-01,2025-11-26,2025-11-26 09:30:32.823
80,185,SN0000185,AT000185,Active,NULL,Expired Warranty,Active asset with warranty expired on 2024-10-22,2025-11-26,2025-11-26 09:30:32.823
81,186,SN0000186,AT000186,Active,NULL,Expired Warranty,Active asset with warranty expired on 2024-02-26,2025-11-26,2025-11-26 09:30:32.823
82,187,SN0000187,AT000187,Active,NULL,Expired Warranty,Active asset with warranty expired on 2025-09-15,2025-11-26,2025-11-26 09:30:32.823
83,191,SN0000191,AT000191,Active,NULL,Expired Warranty,Active asset with warranty expired on 2024-04-21,2025-11-26,2025-11-26 09:30:32.823
84,193,SN0000193,AT000193,Active,NULL,Expired Warranty,Active asset with warranty expired on 2025-03-11,2025-11-26,2025-11-26 09:30:32.823
85,194,SN0000194,AT000194,Active,NULL,Expired Warranty,Active asset with warranty expired on 2025-06-08,2025-11-26,2025-11-26 09:30:32.823
86,196,SN0000196,AT000196,Active,NULL,Expired Warranty,Active asset with warranty expired on 2023-12-12,2025-11-26,2025-11-26 09:30:32.823
87,197,SN0000197,AT000197,Active,NULL,Expired Warranty,Active asset with warranty expired on 2024-03-08,2025-11-26,2025-11-26 09:30:32.823
88,202,SN0000202,AT000202,Active,NULL,Expired Warranty,Active asset with warranty expired on 2025-03-10,2025-11-26,2025-11-26 09:30:32.823
89,203,SN0000203,AT000203,Active,NULL,Expired Warranty,Active asset with warranty expired on 2024-01-03,2025-11-26,2025-11-26 09:30:32.823
90,208,SN0000208,AT000208,Active,NULL,Expired Warranty,Active asset with warranty expired on 2025-01-07,2025-11-26,2025-11-26 09:30:32.823
91,209,SN0000209,AT000209,Active,NULL,Expired Warranty,Active asset with warranty expired on 2024-01-24,2025-11-26,2025-11-26 09:30:32.823
92,211,SN0000211,AT000211,Active,NULL,Expired Warranty,Active asset with warranty expired on 2025-08-25,2025-11-26,2025-11-26 09:30:32.823
93,212,SN0000212,AT000212,Active,NULL,Expired Warranty,Active asset with warranty expired on 2025-05-29,2025-11-26,2025-11-26 09:30:32.823
94,216,SN0000216,AT000216,Active,NULL,Expired Warranty,Active asset with warranty expired on 2025-03-31,2025-11-26,2025-11-26 09:30:32.823
95,219,SN0000219,AT000219,Active,NULL,Expired Warranty,Active asset with warranty expired on 2025-03-15,2025-11-26,2025-11-26 09:30:32.823
96,225,SN0000225,AT000225,Active,NULL,Expired Warranty,Active asset with warranty expired on 2024-04-09,2025-11-26,2025-11-26 09:30:32.823
97,227,SN0000227,AT000227,Active,NULL,Expired Warranty,Active asset with warranty expired on 2025-09-01,2025-11-26,2025-11-26 09:30:32.823
98,228,SN0000228,AT000228,Active,NULL,Expired Warranty,Active asset with warranty expired on 2024-03-09,2025-11-26,2025-11-26 09:30:32.823
99,229,SN0000229,AT000229,Active,NULL,Expired Warranty,Active asset with warranty expired on 2024-04-06,2025-11-26,2025-11-26 09:30:32.823
100,230,SN0000230,AT000230,Active,NULL,Expired Warranty,Active asset with warranty expired on 2024-05-10,2025-11-26,2025-11-26 09:30:32.823
101,235,SN0000235,AT000235,Active,NULL,Expired Warranty,Active asset with warranty expired on 2025-11-04,2025-11-26,2025-11-26 09:30:32.823
102,237,SN0000237,AT000237,Active,NULL,Expired Warranty,Active asset with warranty expired on 2024-08-05,2025-11-26,2025-11-26 09:30:32.823
103,238,SN0000238,AT000238,Active,NULL,Expired Warranty,Active asset with warranty expired on 2024-08-24,2025-11-26,2025-11-26 09:30:32.823
104,239,SN0000239,AT000239,Active,NULL,Expired Warranty,Active asset with warranty expired on 2025-06-01,2025-11-26,2025-11-26 09:30:32.823
105,242,SN0000242,AT000242,Active,NULL,Expired Warranty,Active asset with warranty expired on 2024-11-09,2025-11-26,2025-11-26 09:30:32.823
106,245,SN0000245,AT000245,Active,NULL,Expired Warranty,Active asset with warranty expired on 2025-09-27,2025-11-26,2025-11-26 09:30:32.823
107,246,SN0000246,AT000246,Active,NULL,Expired Warranty,Active asset with warranty expired on 2025-08-15,2025-11-26,2025-11-26 09:30:32.823
108,248,SN0000248,AT000248,Active,NULL,Expired Warranty,Active asset with warranty expired on 2025-07-18,2025-11-26,2025-11-26 09:30:32.823
109,251,SN0000251,AT000251,Active,NULL,Expired Warranty,Active asset with warranty expired on 2024-06-30,2025-11-26,2025-11-26 09:30:32.823
110,256,SN0000256,AT000256,Active,NULL,Expired Warranty,Active asset with warranty expired on 2025-08-05,2025-11-26,2025-11-26 09:30:32.823
111,257,SN0000257,AT000257,Active,NULL,Expired Warranty,Active asset with warranty expired on 2025-07-24,2025-11-26,2025-11-26 09:30:32.823
112,258,SN0000258,AT000258,Active,NULL,Expired Warranty,Active asset with warranty expired on 2024-05-05,2025-11-26,2025-11-26 09:30:32.823
113,263,SN0000263,AT000263,Active,NULL,Expired Warranty,Active asset with warranty expired on 2024-01-05,2025-11-26,2025-11-26 09:30:32.823
114,266,SN0000266,AT000266,Active,NULL,Expired Warranty,Active asset with warranty expired on 2023-12-03,2025-11-26,2025-11-26 09:30:32.823
115,267,SN0000267,AT000267,Active,NULL,Expired Warranty,Active asset with warranty expired on 2024-07-07,2025-11-26,2025-11-26 09:30:32.823
116,268,SN0000268,AT000268,Active,NULL,Expired Warranty,Active asset with warranty expired on 2025-06-26,2025-11-26,2025-11-26 09:30:32.823
117,269,SN0000269,AT000269,Active,NULL,Expired Warranty,Active asset with warranty expired on 2024-09-24,2025-11-26,2025-11-26 09:30:32.823
118,271,SN0000271,AT000271,Active,NULL,Expired Warranty,Active asset with warranty expired on 2024-01-18,2025-11-26,2025-11-26 09:30:32.823
119,275,SN0000275,AT000275,Active,NULL,Expired Warranty,Active asset with warranty expired on 2024-10-23,2025-11-26,2025-11-26 09:30:32.823
120,278,SN0000278,AT000278,Active,NULL,Expired Warranty,Active asset with warranty expired on 2024-07-21,2025-11-26,2025-11-26 09:30:32.823
121,287,SN0000287,AT000287,Active,NULL,Expired Warranty,Active asset with warranty expired on 2024-06-03,2025-11-26,2025-11-26 09:30:32.823
122,289,SN0000289,AT000289,Active,NULL,Expired Warranty,Active asset with warranty expired on 2025-01-19,2025-11-26,2025-11-26 09:30:32.823
123,290,SN0000290,AT000290,Active,NULL,Expired Warranty,Active asset with warranty expired on 2024-05-12,2025-11-26,2025-11-26 09:30:32.823
124,292,SN0000292,AT000292,Active,NULL,Expired Warranty,Active asset with warranty expired on 2025-09-30,2025-11-26,2025-11-26 09:30:32.823
125,293,SN0000293,AT000293,Active,NULL,Expired Warranty,Active asset with warranty expired on 2024-08-24,2025-11-26,2025-11-26 09:30:32.823
126,302,SN0000302,AT000302,Active,NULL,Expired Warranty,Active asset with warranty expired on 2025-07-11,2025-11-26,2025-11-26 09:30:32.823
127,304,SN0000304,AT000304,Active,NULL,Expired Warranty,Active asset with warranty expired on 2024-12-29,2025-11-26,2025-11-26 09:30:32.823
128,307,SN0000307,AT000307,Active,NULL,Expired Warranty,Active asset with warranty expired on 2024-07-26,2025-11-26,2025-11-26 09:30:32.823
129,308,SN0000308,AT000308,Active,NULL,Expired Warranty,Active asset with warranty expired on 2025-04-07,2025-11-26,2025-11-26 09:30:32.823
130,310,SN0000310,AT000310,Active,NULL,Expired Warranty,Active asset with warranty expired on 2024-01-06,2025-11-26,2025-11-26 09:30:32.823
131,317,SN0000317,AT000317,Active,NULL,Expired Warranty,Active asset with warranty expired on 2024-11-10,2025-11-26,2025-11-26 09:30:32.823
132,319,SN0000319,AT000319,Active,NULL,Expired Warranty,Active asset with warranty expired on 2025-06-21,2025-11-26,2025-11-26 09:30:32.823
133,325,SN0000325,AT000325,Active,NULL,Expired Warranty,Active asset with warranty expired on 2024-02-24,2025-11-26,2025-11-26 09:30:32.823
134,326,SN0000326,AT000326,Active,NULL,Expired Warranty,Active asset with warranty expired on 2024-03-26,2025-11-26,2025-11-26 09:30:32.823
135,327,SN0000327,AT000327,Active,NULL,Expired Warranty,Active asset with warranty expired on 2025-02-09,2025-11-26,2025-11-26 09:30:32.823
136,328,SN0000328,AT000328,Active,NULL,Expired Warranty,Active asset with warranty expired on 2025-06-19,2025-11-26,2025-11-26 09:30:32.823
137,332,SN0000332,AT000332,Active,NULL,Expired Warranty,Active asset with warranty expired on 2025-03-04,2025-11-26,2025-11-26 09:30:32.823
138,333,SN0000333,AT000333,Active,NULL,Expired Warranty,Active asset with warranty expired on 2025-02-07,2025-11-26,2025-11-26 09:30:32.823
139,334,SN0000334,AT000334,Active,NULL,Expired Warranty,Active asset with warranty expired on 2025-07-22,2025-11-26,2025-11-26 09:30:32.823
140,336,SN0000336,AT000336,Active,NULL,Expired Warranty,Active asset with warranty expired on 2025-04-20,2025-11-26,2025-11-26 09:30:32.823
141,347,SN0000347,AT000347,Active,NULL,Expired Warranty,Active asset with warranty expired on 2024-02-18,2025-11-26,2025-11-26 09:30:32.823
142,350,SN0000300,AT000350,Active,NULL,Expired Warranty,Active asset with warranty expired on 2024-04-04,2025-11-26,2025-11-26 09:30:32.823
143,359,SN0000359,AT000359,Active,NULL,Expired Warranty,Active asset with warranty expired on 2024-08-08,2025-11-26,2025-11-26 09:30:32.823
144,365,SN0000365,AT000365,Active,NULL,Expired Warranty,Active asset with warranty expired on 2024-09-27,2025-11-26,2025-11-26 09:30:32.823
145,367,SN0000367,AT000367,Active,NULL,Expired Warranty,Active asset with warranty expired on 2024-05-19,2025-11-26,2025-11-26 09:30:32.823
146,369,SN0000369,AT000369,Active,NULL,Expired Warranty,Active asset with warranty expired on 2024-08-04,2025-11-26,2025-11-26 09:30:32.823
147,371,SN0000371,AT000371,Active,NULL,Expired Warranty,Active asset with warranty expired on 2025-01-11,2025-11-26,2025-11-26 09:30:32.823
148,373,SN0000373,AT000373,Active,NULL,Expired Warranty,Active asset with warranty expired on 2024-11-19,2025-11-26,2025-11-26 09:30:32.823
149,376,SN0000376,AT000376,Active,NULL,Expired Warranty,Active asset with warranty expired on 2024-08-29,2025-11-26,2025-11-26 09:30:32.823
150,382,SN0000382,AT000382,Active,NULL,Expired Warranty,Active asset with warranty expired on 2023-12-25,2025-11-26,2025-11-26 09:30:32.823
151,383,SN0000383,AT000383,Active,NULL,Expired Warranty,Active asset with warranty expired on 2025-07-01,2025-11-26,2025-11-26 09:30:32.823
152,385,SN0000385,AT000385,Active,NULL,Expired Warranty,Active asset with warranty expired on 2025-01-20,2025-11-26,2025-11-26 09:30:32.823
153,387,SN0000387,AT000387,Active,NULL,Expired Warranty,Active asset with warranty expired on 2024-05-26,2025-11-26,2025-11-26 09:30:32.823
154,390,SN0000390,AT000390,Active,NULL,Expired Warranty,Active asset with warranty expired on 2024-03-20,2025-11-26,2025-11-26 09:30:32.823
155,392,SN0000392,AT000392,Active,NULL,Expired Warranty,Active asset with warranty expired on 2023-12-24,2025-11-26,2025-11-26 09:30:32.823
156,398,SN0000398,AT000398,Active,NULL,Expired Warranty,Active asset with warranty expired on 2025-04-08,2025-11-26,2025-11-26 09:30:32.823
157,399,SN0000399,AT000399,Active,NULL,Expired Warranty,Active asset with warranty expired on 2024-07-13,2025-11-26,2025-11-26 09:30:32.823
158,402,SN0000402,AT000402,Active,NULL,Expired Warranty,Active asset with warranty expired on 2024-01-24,2025-11-26,2025-11-26 09:30:32.823
159,403,SN0000403,AT000403,Active,NULL,Expired Warranty,Active asset with warranty expired on 2025-11-11,2025-11-26,2025-11-26 09:30:32.823
160,406,SN0000406,AT000406,Active,NULL,Expired Warranty,Active asset with warranty expired on 2025-04-17,2025-11-26,2025-11-26 09:30:32.823
161,409,SN0000409,AT000409,Active,NULL,Expired Warranty,Active asset with warranty expired on 2025-08-13,2025-11-26,2025-11-26 09:30:32.823
162,412,SN0000412,AT000412,Active,NULL,Expired Warranty,Active asset with warranty expired on 2025-09-08,2025-11-26,2025-11-26 09:30:32.823
163,414,SN0000414,AT000414,Active,NULL,Expired Warranty,Active asset with warranty expired on 2025-10-10,2025-11-26,2025-11-26 09:30:32.823
164,415,SN0000415,AT000415,Active,NULL,Expired Warranty,Active asset with warranty expired on 2024-06-30,2025-11-26,2025-11-26 09:30:32.823
165,417,SN0000417,AT000417,Active,NULL,Expired Warranty,Active asset with warranty expired on 2025-01-08,2025-11-26,2025-11-26 09:30:32.823
166,418,SN0000418,AT000418,Active,NULL,Expired Warranty,Active asset with warranty expired on 2024-03-07,2025-11-26,2025-11-26 09:30:32.823
167,419,SN0000419,AT000419,Active,NULL,Expired Warranty,Active asset with warranty expired on 2025-02-09,2025-11-26,2025-11-26 09:30:32.823
168,424,SN0000424,AT000424,Active,NULL,Expired Warranty,Active asset with warranty expired on 2024-07-13,2025-11-26,2025-11-26 09:30:32.823
169,425,SN0000425,AT000425,Active,NULL,Expired Warranty,Active asset with warranty expired on 2024-09-26,2025-11-26,2025-11-26 09:30:32.823
170,426,SN0000426,AT000426,Active,NULL,Expired Warranty,Active asset with warranty expired on 2024-12-17,2025-11-26,2025-11-26 09:30:32.823
171,429,SN0000429,AT000429,Active,NULL,Expired Warranty,Active asset with warranty expired on 2024-01-22,2025-11-26,2025-11-26 09:30:32.823
172,433,SN0000433,AT000433,Active,NULL,Expired Warranty,Active asset with warranty expired on 2024-01-28,2025-11-26,2025-11-26 09:30:32.823
173,434,SN0000434,AT000434,Active,NULL,Expired Warranty,Active asset with warranty expired on 2025-08-17,2025-11-26,2025-11-26 09:30:32.823
174,437,SN0000437,AT000437,Active,NULL,Expired Warranty,Active asset with warranty expired on 2024-02-05,2025-11-26,2025-11-26 09:30:32.823
175,438,SN0000438,AT000438,Active,NULL,Expired Warranty,Active asset with warranty expired on 2024-01-25,2025-11-26,2025-11-26 09:30:32.823
176,444,SN0000444,AT000444,Active,NULL,Expired Warranty,Active asset with warranty expired on 2025-07-15,2025-11-26,2025-11-26 09:30:32.823
177,446,SN0000446,AT000446,Active,NULL,Expired Warranty,Active asset with warranty expired on 2024-11-08,2025-11-26,2025-11-26 09:30:32.823
178,447,SN0000447,AT000447,Active,NULL,Expired Warranty,Active asset with warranty expired on 2025-01-25,2025-11-26,2025-11-26 09:30:32.823
179,449,SN0000449,AT000449,Active,NULL,Expired Warranty,Active asset with warranty expired on 2025-07-26,2025-11-26,2025-11-26 09:30:32.823
180,451,SN0000451,AT000451,Active,NULL,Expired Warranty,Active asset with warranty expired on 2024-04-19,2025-11-26,2025-11-26 09:30:32.823
181,452,SN0000452,AT000452,Active,NULL,Expired Warranty,Active asset with warranty expired on 2025-08-22,2025-11-26,2025-11-26 09:30:32.823
182,458,SN0000458,AT000458,Active,NULL,Expired Warranty,Active asset with warranty expired on 2025-10-05,2025-11-26,2025-11-26 09:30:32.823
183,463,SN0000463,AT000463,Active,NULL,Expired Warranty,Active asset with warranty expired on 2024-11-18,2025-11-26,2025-11-26 09:30:32.823
184,464,SN0000464,AT000464,Active,NULL,Expired Warranty,Active asset with warranty expired on 2025-02-28,2025-11-26,2025-11-26 09:30:32.823
185,465,SN0000465,AT000465,Active,NULL,Expired Warranty,Active asset with warranty expired on 2024-11-17,2025-11-26,2025-11-26 09:30:32.823
186,466,SN0000466,AT000466,Active,NULL,Expired Warranty,Active asset with warranty expired on 2024-02-06,2025-11-26,2025-11-26 09:30:32.823
187,467,SN0000467,AT000467,Active,NULL,Expired Warranty,Active asset with warranty expired on 2024-10-20,2025-11-26,2025-11-26 09:30:32.823
188,469,SN0000469,AT000469,Active,NULL,Expired Warranty,Active asset with warranty expired on 2025-06-14,2025-11-26,2025-11-26 09:30:32.823
189,471,SN0000471,AT000471,Active,NULL,Expired Warranty,Active asset with warranty expired on 2024-04-24,2025-11-26,2025-11-26 09:30:32.823
190,473,SN0000473,AT000473,Active,NULL,Expired Warranty,Active asset with warranty expired on 2024-08-12,2025-11-26,2025-11-26 09:30:32.823
191,474,SN0000474,AT000474,Active,NULL,Expired Warranty,Active asset with warranty expired on 2023-12-02,2025-11-26,2025-11-26 09:30:32.823
192,478,SN0000478,AT000478,Active,NULL,Expired Warranty,Active asset with warranty expired on 2025-04-04,2025-11-26,2025-11-26 09:30:32.823
193,483,SN0000483,AT000483,Active,NULL,Expired Warranty,Active asset with warranty expired on 2024-10-30,2025-11-26,2025-11-26 09:30:32.823
194,485,SN0000485,AT000485,Active,NULL,Expired Warranty,Active asset with warranty expired on 2024-01-19,2025-11-26,2025-11-26 09:30:32.823
195,488,SN0000488,AT000488,Active,NULL,Expired Warranty,Active asset with warranty expired on 2024-03-10,2025-11-26,2025-11-26 09:30:32.823
196,490,SN0000490,AT000490,Active,NULL,Expired Warranty,Active asset with warranty expired on 2025-01-14,2025-11-26,2025-11-26 09:30:32.823
197,495,SN0000495,AT000495,Active,NULL,Expired Warranty,Active asset with warranty expired on 2025-06-13,2025-11-26,2025-11-26 09:30:32.823
198,497,SN0000497,AT000497,Active,NULL,Expired Warranty,Active asset with warranty expired on 2023-12-09,2025-11-26,2025-11-26 09:30:32.823
199,502,SN0000502,AT000502,Active,NULL,Expired Warranty,Active asset with warranty expired on 2024-04-06,2025-11-26,2025-11-26 09:30:32.823
200,504,SN0000504,AT000504,Active,NULL,Expired Warranty,Active asset with warranty expired on 2025-03-07,2025-11-26,2025-11-26 09:30:32.823
201,507,SN0000507,AT000507,Active,NULL,Expired Warranty,Active asset with warranty expired on 2024-09-02,2025-11-26,2025-11-26 09:30:32.823
202,508,SN0000508,AT000508,Active,NULL,Expired Warranty,Active asset with warranty expired on 2023-12-31,2025-11-26,2025-11-26 09:30:32.823
203,512,SN0000512,AT000512,Active,NULL,Expired Warranty,Active asset with warranty expired on 2024-11-30,2025-11-26,2025-11-26 09:30:32.823
204,513,SN0000513,AT000513,Active,NULL,Expired Warranty,Active asset with warranty expired on 2025-03-01,2025-11-26,2025-11-26 09:30:32.823
205,514,SN0000514,AT000514,Active,NULL,Expired Warranty,Active asset with warranty expired on 2024-12-08,2025-11-26,2025-11-26 09:30:32.823
206,515,SN0000515,AT000515,Active,NULL,Expired Warranty,Active asset with warranty expired on 2025-10-18,2025-11-26,2025-11-26 09:30:32.823
207,518,SN0000518,AT000518,Active,NULL,Expired Warranty,Active asset with warranty expired on 2025-07-26,2025-11-26,2025-11-26 09:30:32.823
208,519,SN0000519,AT000519,Active,NULL,Expired Warranty,Active asset with warranty expired on 2024-05-03,2025-11-26,2025-11-26 09:30:32.823
209,524,SN0000524,AT000524,Active,NULL,Expired Warranty,Active asset with warranty expired on 2023-12-24,2025-11-26,2025-11-26 09:30:32.823
210,525,SN0000525,AT000525,Active,NULL,Expired Warranty,Active asset with warranty expired on 2024-01-27,2025-11-26,2025-11-26 09:30:32.823
211,527,SN0000527,AT000527,Active,NULL,Expired Warranty,Active asset with warranty expired on 2025-08-09,2025-11-26,2025-11-26 09:30:32.823
212,528,SN0000528,AT000528,Active,NULL,Expired Warranty,Active asset with warranty expired on 2024-09-02,2025-11-26,2025-11-26 09:30:32.823
213,532,SN0000532,AT000532,Active,NULL,Expired Warranty,Active asset with warranty expired on 2023-11-30,2025-11-26,2025-11-26 09:30:32.823
214,537,SN0000537,AT000537,Active,NULL,Expired Warranty,Active asset with warranty expired on 2025-10-26,2025-11-26,2025-11-26 09:30:32.823
215,539,SN0000539,AT000539,Active,NULL,Expired Warranty,Active asset with warranty expired on 2024-02-22,2025-11-26,2025-11-26 09:30:32.823
216,543,SN0000543,AT000543,Active,NULL,Expired Warranty,Active asset with warranty expired on 2025-01-22,2025-11-26,2025-11-26 09:30:32.823
217,544,SN0000544,AT000544,Active,NULL,Expired Warranty,Active asset with warranty expired on 2025-06-29,2025-11-26,2025-11-26 09:30:32.823
218,546,SN0000546,AT000546,Active,NULL,Expired Warranty,Active asset with warranty expired on 2024-04-06,2025-11-26,2025-11-26 09:30:32.823
219,548,SN0000548,AT000548,Active,NULL,Expired Warranty,Active asset with warranty expired on 2025-10-03,2025-11-26,2025-11-26 09:30:32.823
220,550,SN0000500,AT000550,Active,NULL,Expired Warranty,Active asset with warranty expired on 2025-02-15,2025-11-26,2025-11-26 09:30:32.823
221,555,SN0000555,AT000555,Active,NULL,Expired Warranty,Active asset with warranty expired on 2024-10-02,2025-11-26,2025-11-26 09:30:32.823
222,566,SN0000566,AT000566,Active,NULL,Expired Warranty,Active asset with warranty expired on 2025-01-18,2025-11-26,2025-11-26 09:30:32.823
223,575,SN0000575,AT000575,Active,NULL,Expired Warranty,Active asset with warranty expired on 2024-07-08,2025-11-26,2025-11-26 09:30:32.823
224,577,SN0000577,AT000577,Active,NULL,Expired Warranty,Active asset with warranty expired on 2025-08-07,2025-11-26,2025-11-26 09:30:32.823
225,582,SN0000582,AT000582,Active,NULL,Expired Warranty,Active asset with warranty expired on 2023-12-02,2025-11-26,2025-11-26 09:30:32.823
226,583,SN0000583,AT000583,Active,NULL,Expired Warranty,Active asset with warranty expired on 2023-11-28,2025-11-26,2025-11-26 09:30:32.823
227,584,SN0000584,AT000584,Active,NULL,Expired Warranty,Active asset with warranty expired on 2025-11-09,2025-11-26,2025-11-26 09:30:32.823
228,587,SN0000587,AT000587,Active,NULL,Expired Warranty,Active asset with warranty expired on 2024-11-03,2025-11-26,2025-11-26 09:30:32.823
229,590,SN0000590,AT000590,Active,NULL,Expired Warranty,Active asset with warranty expired on 2024-11-22,2025-11-26,2025-11-26 09:30:32.823
230,593,SN0000593,AT000593,Active,NULL,Expired Warranty,Active asset with warranty expired on 2024-03-25,2025-11-26,2025-11-26 09:30:32.823
231,594,SN0000594,AT000594,Active,NULL,Expired Warranty,Active asset with warranty expired on 2025-04-18,2025-11-26,2025-11-26 09:30:32.823
232,597,SN0000597,AT000597,Active,NULL,Expired Warranty,Active asset with warranty expired on 2024-07-13,2025-11-26,2025-11-26 09:30:32.823
233,603,SN0000603,AT000603,Active,NULL,Expired Warranty,Active asset with warranty expired on 2025-05-25,2025-11-26,2025-11-26 09:30:32.823
234,605,SN0000605,AT000605,Active,NULL,Expired Warranty,Active asset with warranty expired on 2024-09-26,2025-11-26,2025-11-26 09:30:32.823
235,606,SN0000606,AT000606,Active,NULL,Expired Warranty,Active asset with warranty expired on 2024-11-09,2025-11-26,2025-11-26 09:30:32.823
236,611,SN0000611,AT000611,Active,NULL,Expired Warranty,Active asset with warranty expired on 2025-06-12,2025-11-26,2025-11-26 09:30:32.823
237,615,SN0000615,AT000615,Active,NULL,Expired Warranty,Active asset with warranty expired on 2025-06-18,2025-11-26,2025-11-26 09:30:32.823
238,617,SN0000617,AT000617,Active,NULL,Expired Warranty,Active asset with warranty expired on 2024-11-14,2025-11-26,2025-11-26 09:30:32.823
239,619,SN0000619,AT000619,Active,NULL,Expired Warranty,Active asset with warranty expired on 2025-07-06,2025-11-26,2025-11-26 09:30:32.823
240,623,SN0000623,AT000623,Active,NULL,Expired Warranty,Active asset with warranty expired on 2025-03-19,2025-11-26,2025-11-26 09:30:32.823
241,624,SN0000624,AT000624,Active,NULL,Expired Warranty,Active asset with warranty expired on 2024-12-19,2025-11-26,2025-11-26 09:30:32.823
242,625,SN0000625,AT000625,Active,NULL,Expired Warranty,Active asset with warranty expired on 2024-10-17,2025-11-26,2025-11-26 09:30:32.823
243,627,SN0000627,AT000627,Active,NULL,Expired Warranty,Active asset with warranty expired on 2025-01-05,2025-11-26,2025-11-26 09:30:32.823
244,629,SN0000629,AT000629,Active,NULL,Expired Warranty,Active asset with warranty expired on 2025-09-25,2025-11-26,2025-11-26 09:30:32.823
245,633,SN0000633,AT000633,Active,NULL,Expired Warranty,Active asset with warranty expired on 2024-01-13,2025-11-26,2025-11-26 09:30:32.823
246,637,SN0000637,AT000637,Active,NULL,Expired Warranty,Active asset with warranty expired on 2025-01-24,2025-11-26,2025-11-26 09:30:32.823
247,638,SN0000638,AT000638,Active,NULL,Expired Warranty,Active asset with warranty expired on 2024-03-03,2025-11-26,2025-11-26 09:30:32.823
248,645,SN0000645,AT000645,Active,NULL,Expired Warranty,Active asset with warranty expired on 2023-11-29,2025-11-26,2025-11-26 09:30:32.823
249,646,SN0000646,AT000646,Active,NULL,Expired Warranty,Active asset with warranty expired on 2024-06-21,2025-11-26,2025-11-26 09:30:32.823
250,649,SN0000649,AT000649,Active,NULL,Expired Warranty,Active asset with warranty expired on 2025-05-08,2025-11-26,2025-11-26 09:30:32.823
251,650,SN0000600,AT000650,Active,NULL,Expired Warranty,Active asset with warranty expired on 2025-01-21,2025-11-26,2025-11-26 09:30:32.823
252,651,SN0000651,AT000651,Active,NULL,Expired Warranty,Active asset with warranty expired on 2024-04-12,2025-11-26,2025-11-26 09:30:32.823
253,659,SN0000659,AT000659,Active,NULL,Expired Warranty,Active asset with warranty expired on 2025-10-12,2025-11-26,2025-11-26 09:30:32.823
254,662,SN0000662,AT000662,Active,NULL,Expired Warranty,Active asset with warranty expired on 2025-09-29,2025-11-26,2025-11-26 09:30:32.823
255,663,SN0000663,AT000663,Active,NULL,Expired Warranty,Active asset with warranty expired on 2025-03-04,2025-11-26,2025-11-26 09:30:32.823
256,671,SN0000671,AT000671,Active,NULL,Expired Warranty,Active asset with warranty expired on 2024-11-28,2025-11-26,2025-11-26 09:30:32.823
257,675,SN0000675,AT000675,Active,NULL,Expired Warranty,Active asset with warranty expired on 2025-03-18,2025-11-26,2025-11-26 09:30:32.823
258,679,SN0000679,AT000679,Active,NULL,Expired Warranty,Active asset with warranty expired on 2023-12-31,2025-11-26,2025-11-26 09:30:32.823
259,685,SN0000685,AT000685,Active,NULL,Expired Warranty,Active asset with warranty expired on 2025-02-02,2025-11-26,2025-11-26 09:30:32.823
260,686,SN0000686,AT000686,Active,NULL,Expired Warranty,Active asset with warranty expired on 2024-10-21,2025-11-26,2025-11-26 09:30:32.823
261,687,SN0000687,AT000687,Active,NULL,Expired Warranty,Active asset with warranty expired on 2024-12-23,2025-11-26,2025-11-26 09:30:32.823
262,692,SN0000692,AT000692,Active,NULL,Expired Warranty,Active asset with warranty expired on 2024-05-16,2025-11-26,2025-11-26 09:30:32.823
263,699,SN0000699,AT000699,Active,NULL,Expired Warranty,Active asset with warranty expired on 2024-06-03,2025-11-26,2025-11-26 09:30:32.823
264,705,SN0000705,AT000705,Active,NULL,Expired Warranty,Active asset with warranty expired on 2024-03-02,2025-11-26,2025-11-26 09:30:32.823
265,707,SN0000707,AT000707,Active,NULL,Expired Warranty,Active asset with warranty expired on 2025-04-05,2025-11-26,2025-11-26 09:30:32.823
266,708,SN0000708,AT000708,Active,NULL,Expired Warranty,Active asset with warranty expired on 2024-07-18,2025-11-26,2025-11-26 09:30:32.823
267,714,SN0000714,AT000714,Active,NULL,Expired Warranty,Active asset with warranty expired on 2024-11-15,2025-11-26,2025-11-26 09:30:32.823
268,716,SN0000716,AT000716,Active,NULL,Expired Warranty,Active asset with warranty expired on 2024-09-16,2025-11-26,2025-11-26 09:30:32.823
269,717,SN0000717,AT000717,Active,NULL,Expired Warranty,Active asset with warranty expired on 2024-10-03,2025-11-26,2025-11-26 09:30:32.823
270,725,SN0000725,AT000725,Active,NULL,Expired Warranty,Active asset with warranty expired on 2024-07-09,2025-11-26,2025-11-26 09:30:32.823
271,729,SN0000729,AT000729,Active,NULL,Expired Warranty,Active asset with warranty expired on 2024-11-02,2025-11-26,2025-11-26 09:30:32.823
272,731,SN0000731,AT000731,Active,NULL,Expired Warranty,Active asset with warranty expired on 2025-05-04,2025-11-26,2025-11-26 09:30:32.823
273,732,SN0000732,AT000732,Active,NULL,Expired Warranty,Active asset with warranty expired on 2024-02-19,2025-11-26,2025-11-26 09:30:32.823
274,737,SN0000737,AT000737,Active,NULL,Expired Warranty,Active asset with warranty expired on 2024-11-24,2025-11-26,2025-11-26 09:30:32.823
275,744,SN0000744,AT000744,Active,NULL,Expired Warranty,Active asset with warranty expired on 2025-05-21,2025-11-26,2025-11-26 09:30:32.823
276,745,SN0000745,AT000745,Active,NULL,Expired Warranty,Active asset with warranty expired on 2025-11-13,2025-11-26,2025-11-26 09:30:32.823
277,750,SN0000700,AT000750,Active,NULL,Expired Warranty,Active asset with warranty expired on 2024-10-16,2025-11-26,2025-11-26 09:30:32.823
278,754,SN0000754,AT000754,Active,NULL,Expired Warranty,Active asset with warranty expired on 2025-06-25,2025-11-26,2025-11-26 09:30:32.823
279,755,SN0000755,AT000755,Active,NULL,Expired Warranty,Active asset with warranty expired on 2025-08-05,2025-11-26,2025-11-26 09:30:32.823
280,757,SN0000757,AT000757,Active,NULL,Expired Warranty,Active asset with warranty expired on 2024-05-15,2025-11-26,2025-11-26 09:30:32.823
281,759,SN0000759,AT000759,Active,NULL,Expired Warranty,Active asset with warranty expired on 2025-09-17,2025-11-26,2025-11-26 09:30:32.823
282,762,SN0000762,AT000762,Active,NULL,Expired Warranty,Active asset with warranty expired on 2025-08-30,2025-11-26,2025-11-26 09:30:32.823
283,763,SN0000763,AT000763,Active,NULL,Expired Warranty,Active asset with warranty expired on 2024-12-23,2025-11-26,2025-11-26 09:30:32.823
284,765,SN0000765,AT000765,Active,NULL,Expired Warranty,Active asset with warranty expired on 2024-08-08,2025-11-26,2025-11-26 09:30:32.823
285,767,SN0000767,AT000767,Active,NULL,Expired Warranty,Active asset with warranty expired on 2025-07-21,2025-11-26,2025-11-26 09:30:32.823
286,768,SN0000768,AT000768,Active,NULL,Expired Warranty,Active asset with warranty expired on 2024-03-06,2025-11-26,2025-11-26 09:30:32.823
287,771,SN0000771,AT000771,Active,NULL,Expired Warranty,Active asset with warranty expired on 2025-02-16,2025-11-26,2025-11-26 09:30:32.823
288,775,SN0000775,AT000775,Active,NULL,Expired Warranty,Active asset with warranty expired on 2024-10-16,2025-11-26,2025-11-26 09:30:32.823
289,776,SN0000776,AT000776,Active,NULL,Expired Warranty,Active asset with warranty expired on 2024-08-09,2025-11-26,2025-11-26 09:30:32.823
290,777,SN0000777,AT000777,Active,NULL,Expired Warranty,Active asset with warranty expired on 2024-10-10,2025-11-26,2025-11-26 09:30:32.823
291,779,SN0000779,AT000779,Active,NULL,Expired Warranty,Active asset with warranty expired on 2024-04-21,2025-11-26,2025-11-26 09:30:32.823
292,783,SN0000783,AT000783,Active,NULL,Expired Warranty,Active asset with warranty expired on 2024-02-21,2025-11-26,2025-11-26 09:30:32.823
293,789,SN0000789,AT000789,Active,NULL,Expired Warranty,Active asset with warranty expired on 2024-02-24,2025-11-26,2025-11-26 09:30:32.823
294,792,SN0000792,AT000792,Active,NULL,Expired Warranty,Active asset with warranty expired on 2025-07-24,2025-11-26,2025-11-26 09:30:32.823
295,793,SN0000793,AT000793,Active,NULL,Expired Warranty,Active asset with warranty expired on 2024-01-22,2025-11-26,2025-11-26 09:30:32.823
296,795,SN0000795,AT000795,Active,NULL,Expired Warranty,Active asset with warranty expired on 2025-05-18,2025-11-26,2025-11-26 09:30:32.823
297,796,SN0000796,AT000796,Active,NULL,Expired Warranty,Active asset with warranty expired on 2025-04-04,2025-11-26,2025-11-26 09:30:32.823
298,797,SN0000797,AT000797,Active,NULL,Expired Warranty,Active asset with warranty expired on 2024-04-17,2025-11-26,2025-11-26 09:30:32.823
299,799,SN0000799,AT000799,Active,NULL,Expired Warranty,Active asset with warranty expired on 2024-03-08,2025-11-26,2025-11-26 09:30:32.823
300,804,SN0000804,AT000804,Active,NULL,Expired Warranty,Active asset with warranty expired on 2025-03-21,2025-11-26,2025-11-26 09:30:32.823
301,807,SN0000807,AT000807,Active,NULL,Expired Warranty,Active asset with warranty expired on 2023-12-08,2025-11-26,2025-11-26 09:30:32.823
302,808,SN0000808,AT000808,Active,NULL,Expired Warranty,Active asset with warranty expired on 2024-02-21,2025-11-26,2025-11-26 09:30:32.823
303,812,SN0000812,AT000812,Active,NULL,Expired Warranty,Active asset with warranty expired on 2024-01-03,2025-11-26,2025-11-26 09:30:32.823
304,815,SN0000815,AT000815,Active,NULL,Expired Warranty,Active asset with warranty expired on 2024-10-08,2025-11-26,2025-11-26 09:30:32.823
305,816,SN0000816,AT000816,Active,NULL,Expired Warranty,Active asset with warranty expired on 2024-04-21,2025-11-26,2025-11-26 09:30:32.823
306,818,SN0000818,AT000818,Active,NULL,Expired Warranty,Active asset with warranty expired on 2024-03-29,2025-11-26,2025-11-26 09:30:32.823
307,823,SN0000823,AT000823,Active,NULL,Expired Warranty,Active asset with warranty expired on 2025-01-04,2025-11-26,2025-11-26 09:30:32.823
308,824,SN0000824,AT000824,Active,NULL,Expired Warranty,Active asset with warranty expired on 2024-04-25,2025-11-26,2025-11-26 09:30:32.823
309,825,SN0000825,AT000825,Active,NULL,Expired Warranty,Active asset with warranty expired on 2025-07-18,2025-11-26,2025-11-26 09:30:32.823
310,826,SN0000826,AT000826,Active,NULL,Expired Warranty,Active asset with warranty expired on 2024-04-17,2025-11-26,2025-11-26 09:30:32.823
311,828,SN0000828,AT000828,Active,NULL,Expired Warranty,Active asset with warranty expired on 2025-08-29,2025-11-26,2025-11-26 09:30:32.823
312,829,SN0000829,AT000829,Active,NULL,Expired Warranty,Active asset with warranty expired on 2025-04-10,2025-11-26,2025-11-26 09:30:32.823
313,830,SN0000830,AT000830,Active,NULL,Expired Warranty,Active asset with warranty expired on 2024-01-26,2025-11-26,2025-11-26 09:30:32.823
314,834,SN0000834,AT000834,Active,NULL,Expired Warranty,Active asset with warranty expired on 2024-04-18,2025-11-26,2025-11-26 09:30:32.823
315,836,SN0000836,AT000836,Active,NULL,Expired Warranty,Active asset with warranty expired on 2025-09-05,2025-11-26,2025-11-26 09:30:32.823
316,837,SN0000837,AT000837,Active,NULL,Expired Warranty,Active asset with warranty expired on 2024-08-10,2025-11-26,2025-11-26 09:30:32.823
317,842,SN0000842,AT000842,Active,NULL,Expired Warranty,Active asset with warranty expired on 2025-04-14,2025-11-26,2025-11-26 09:30:32.823
318,846,SN0000846,AT000846,Active,NULL,Expired Warranty,Active asset with warranty expired on 2024-06-11,2025-11-26,2025-11-26 09:30:32.823
319,855,SN0000855,AT000855,Active,NULL,Expired Warranty,Active asset with warranty expired on 2025-11-20,2025-11-26,2025-11-26 09:30:32.823
320,857,SN0000857,AT000857,Active,NULL,Expired Warranty,Active asset with warranty expired on 2025-10-27,2025-11-26,2025-11-26 09:30:32.823
321,858,SN0000858,AT000858,Active,NULL,Expired Warranty,Active asset with warranty expired on 2024-12-18,2025-11-26,2025-11-26 09:30:32.823
322,862,SN0000862,AT000862,Active,NULL,Expired Warranty,Active asset with warranty expired on 2025-04-24,2025-11-26,2025-11-26 09:30:32.823
323,866,SN0000866,AT000866,Active,NULL,Expired Warranty,Active asset with warranty expired on 2024-12-28,2025-11-26,2025-11-26 09:30:32.823
324,867,SN0000867,AT000867,Active,NULL,Expired Warranty,Active asset with warranty expired on 2024-01-10,2025-11-26,2025-11-26 09:30:32.823
325,870,SN0000870,AT000870,Active,NULL,Expired Warranty,Active asset with warranty expired on 2025-08-20,2025-11-26,2025-11-26 09:30:32.823
326,871,SN0000871,AT000871,Active,NULL,Expired Warranty,Active asset with warranty expired on 2025-05-19,2025-11-26,2025-11-26 09:30:32.823
327,874,SN0000874,AT000874,Active,NULL,Expired Warranty,Active asset with warranty expired on 2024-11-23,2025-11-26,2025-11-26 09:30:32.823
328,875,SN0000875,AT000875,Active,NULL,Expired Warranty,Active asset with warranty expired on 2025-05-18,2025-11-26,2025-11-26 09:30:32.823
329,876,SN0000876,AT000876,Active,NULL,Expired Warranty,Active asset with warranty expired on 2025-05-10,2025-11-26,2025-11-26 09:30:32.823
330,879,SN0000879,AT000879,Active,NULL,Expired Warranty,Active asset with warranty expired on 2023-12-08,2025-11-26,2025-11-26 09:30:32.823
331,883,SN0000883,AT000883,Active,NULL,Expired Warranty,Active asset with warranty expired on 2025-08-02,2025-11-26,2025-11-26 09:30:32.823
332,884,SN0000884,AT000884,Active,NULL,Expired Warranty,Active asset with warranty expired on 2023-12-12,2025-11-26,2025-11-26 09:30:32.823
333,886,SN0000886,AT000886,Active,NULL,Expired Warranty,Active asset with warranty expired on 2025-04-16,2025-11-26,2025-11-26 09:30:32.823
334,893,SN0000893,AT000893,Active,NULL,Expired Warranty,Active asset with warranty expired on 2024-01-20,2025-11-26,2025-11-26 09:30:32.823
335,894,SN0000894,AT000894,Active,NULL,Expired Warranty,Active asset with warranty expired on 2023-12-14,2025-11-26,2025-11-26 09:30:32.823
336,896,SN0000896,AT000896,Active,NULL,Expired Warranty,Active asset with warranty expired on 2025-01-16,2025-11-26,2025-11-26 09:30:32.823
337,902,SN0000902,AT000902,Active,NULL,Expired Warranty,Active asset with warranty expired on 2024-12-28,2025-11-26,2025-11-26 09:30:32.823
338,903,SN0000903,AT000903,Active,NULL,Expired Warranty,Active asset with warranty expired on 2025-01-29,2025-11-26,2025-11-26 09:30:32.823
339,904,SN0000904,AT000904,Active,NULL,Expired Warranty,Active asset with warranty expired on 2025-01-06,2025-11-26,2025-11-26 09:30:32.823
340,905,SN0000905,AT000905,Active,NULL,Expired Warranty,Active asset with warranty expired on 2025-02-19,2025-11-26,2025-11-26 09:30:32.823
341,906,SN0000906,AT000906,Active,NULL,Expired Warranty,Active asset with warranty expired on 2025-06-01,2025-11-26,2025-11-26 09:30:32.823
342,907,SN0000907,AT000907,Active,NULL,Expired Warranty,Active asset with warranty expired on 2024-01-22,2025-11-26,2025-11-26 09:30:32.823
343,910,SN0000910,AT000910,Active,NULL,Expired Warranty,Active asset with warranty expired on 2024-06-10,2025-11-26,2025-11-26 09:30:32.823
344,911,SN0000911,AT000911,Active,NULL,Expired Warranty,Active asset with warranty expired on 2024-12-02,2025-11-26,2025-11-26 09:30:32.823
345,914,SN0000914,AT000914,Active,NULL,Expired Warranty,Active asset with warranty expired on 2024-09-30,2025-11-26,2025-11-26 09:30:32.823
346,917,SN0000917,AT000917,Active,NULL,Expired Warranty,Active asset with warranty expired on 2024-10-14,2025-11-26,2025-11-26 09:30:32.823
347,918,SN0000918,AT000918,Active,NULL,Expired Warranty,Active asset with warranty expired on 2023-12-16,2025-11-26,2025-11-26 09:30:32.823
348,919,SN0000919,AT000919,Active,NULL,Expired Warranty,Active asset with warranty expired on 2025-07-16,2025-11-26,2025-11-26 09:30:32.823
349,922,SN0000922,AT000922,Active,NULL,Expired Warranty,Active asset with warranty expired on 2025-02-07,2025-11-26,2025-11-26 09:30:32.823
350,924,SN0000924,AT000924,Active,NULL,Expired Warranty,Active asset with warranty expired on 2025-06-15,2025-11-26,2025-11-26 09:30:32.823
351,926,SN0000926,AT000926,Active,NULL,Expired Warranty,Active asset with warranty expired on 2024-07-12,2025-11-26,2025-11-26 09:30:32.823
352,927,SN0000927,AT000927,Active,NULL,Expired Warranty,Active asset with warranty expired on 2024-03-02,2025-11-26,2025-11-26 09:30:32.823
353,929,SN0000929,AT000929,Active,NULL,Expired Warranty,Active asset with warranty expired on 2025-07-14,2025-11-26,2025-11-26 09:30:32.823
354,932,SN0000932,AT000932,Active,NULL,Expired Warranty,Active asset with warranty expired on 2024-09-05,2025-11-26,2025-11-26 09:30:32.823
355,933,SN0000933,AT000933,Active,NULL,Expired Warranty,Active asset with warranty expired on 2025-11-03,2025-11-26,2025-11-26 09:30:32.823
356,934,SN0000934,AT000934,Active,NULL,Expired Warranty,Active asset with warranty expired on 2024-05-12,2025-11-26,2025-11-26 09:30:32.823
357,935,SN0000935,AT000935,Active,NULL,Expired Warranty,Active asset with warranty expired on 2025-06-17,2025-11-26,2025-11-26 09:30:32.823
358,939,SN0000939,AT000939,Active,NULL,Expired Warranty,Active asset with warranty expired on 2025-04-12,2025-11-26,2025-11-26 09:30:32.823
359,943,SN0000943,AT000943,Active,NULL,Expired Warranty,Active asset with warranty expired on 2025-02-11,2025-11-26,2025-11-26 09:30:32.823
360,944,SN0000944,AT000944,Active,NULL,Expired Warranty,Active asset with warranty expired on 2025-04-07,2025-11-26,2025-11-26 09:30:32.823
361,945,SN0000945,AT000945,Active,NULL,Expired Warranty,Active asset with warranty expired on 2024-07-16,2025-11-26,2025-11-26 09:30:32.823
362,954,SN0000954,AT000954,Active,NULL,Expired Warranty,Active asset with warranty expired on 2025-06-10,2025-11-26,2025-11-26 09:30:32.823
363,959,SN0000959,AT000959,Active,NULL,Expired Warranty,Active asset with warranty expired on 2024-12-24,2025-11-26,2025-11-26 09:30:32.823
364,962,SN0000962,AT000962,Active,NULL,Expired Warranty,Active asset with warranty expired on 2024-12-16,2025-11-26,2025-11-26 09:30:32.823
365,963,SN0000963,AT000963,Active,NULL,Expired Warranty,Active asset with warranty expired on 2025-02-05,2025-11-26,2025-11-26 09:30:32.823
366,965,SN0000965,AT000965,Active,NULL,Expired Warranty,Active asset with warranty expired on 2024-03-22,2025-11-26,2025-11-26 09:30:32.823
367,966,SN0000966,AT000966,Active,NULL,Expired Warranty,Active asset with warranty expired on 2025-08-18,2025-11-26,2025-11-26 09:30:32.823
368,968,SN0000968,AT000968,Active,NULL,Expired Warranty,Active asset with warranty expired on 2025-02-24,2025-11-26,2025-11-26 09:30:32.823
369,969,SN0000969,AT000969,Active,NULL,Expired Warranty,Active asset with warranty expired on 2024-12-18,2025-11-26,2025-11-26 09:30:32.823
370,974,SN0000974,AT000974,Active,NULL,Expired Warranty,Active asset with warranty expired on 2025-02-15,2025-11-26,2025-11-26 09:30:32.823
371,975,SN0000975,AT000975,Active,NULL,Expired Warranty,Active asset with warranty expired on 2024-07-14,2025-11-26,2025-11-26 09:30:32.823
372,976,SN0000976,AT000976,Active,NULL,Expired Warranty,Active asset with warranty expired on 2024-11-02,2025-11-26,2025-11-26 09:30:32.823
373,979,SN0000979,AT000979,Active,NULL,Expired Warranty,Active asset with warranty expired on 2025-06-09,2025-11-26,2025-11-26 09:30:32.823
374,983,SN0000983,AT000983,Active,NULL,Expired Warranty,Active asset with warranty expired on 2025-10-26,2025-11-26,2025-11-26 09:30:32.823
375,987,SN0000987,AT000987,Active,NULL,Expired Warranty,Active asset with warranty expired on 2025-11-04,2025-11-26,2025-11-26 09:30:32.823
376,988,SN0000988,AT000988,Active,NULL,Expired Warranty,Active asset with warranty expired on 2024-07-17,2025-11-26,2025-11-26 09:30:32.823
377,995,SN0000995,AT000995,Active,NULL,Expired Warranty,Active asset with warranty expired on 2024-02-16,2025-11-26,2025-11-26 09:30:32.823
378,996,SN0000996,AT000996,Active,NULL,Expired Warranty,Active asset with warranty expired on 2024-06-21,2025-11-26,2025-11-26 09:30:32.823
379,999,SN0000999,AT000999,Active,NULL,Expired Warranty,Active asset with warranty expired on 2024-07-29,2025-11-26,2025-11-26 09:30:32.823
1,1,MISSING,AT000001,In Storage,NULL,Missing Serial Number,Asset record exists but serial number is NULL or empty,2025-11-26,2025-11-26 09:30:32.823
2,101,MISSING,AT000101,In Storage,NULL,Missing Serial Number,Asset record exists but serial number is NULL or empty,2025-11-26,2025-11-26 09:30:32.823
3,201,MISSING,AT000201,In Storage,NULL,Missing Serial Number,Asset record exists but serial number is NULL or empty,2025-11-26,2025-11-26 09:30:32.823
4,301,MISSING,AT000301,In Storage,NULL,Missing Serial Number,Asset record exists but serial number is NULL or empty,2025-11-26,2025-11-26 09:30:32.823
5,401,MISSING,AT000401,In Storage,NULL,Missing Serial Number,Asset record exists but serial number is NULL or empty,2025-11-26,2025-11-26 09:30:32.823
6,501,MISSING,AT000501,In Storage,NULL,Missing Serial Number,Asset record exists but serial number is NULL or empty,2025-11-26,2025-11-26 09:30:32.823
7,601,MISSING,AT000601,In Storage,NULL,Missing Serial Number,Asset record exists but serial number is NULL or empty,2025-11-26,2025-11-26 09:30:32.823
8,701,MISSING,AT000701,In Storage,NULL,Missing Serial Number,Asset record exists but serial number is NULL or empty,2025-11-26,2025-11-26 09:30:32.823
9,801,MISSING,AT000801,In Storage,NULL,Missing Serial Number,Asset record exists but serial number is NULL or empty,2025-11-26,2025-11-26 09:30:32.823
10,901,MISSING,AT000901,In Storage,NULL,Missing Serial Number,Asset record exists but serial number is NULL or empty,2025-11-26,2025-11-26 09:30:32.823
